config_id,repeat,best_cost_minutes,found_at_iteration,execution_time,ants,iterations,alpha,beta,evaporation,patience,patience_small_shake,patience_big_shake,big_shake_evaporation,big_shake_duration,intensity_small_shake,intensity_big_shake,intensity_elite_ant,ranked_ants_count,q_pheromone,tau_min,tau_max
1,1,1178.3477633166667,1046,21.56,40,5000,0.5,2.0,0.05,500,999999,150,0.4,30,999999,0.3,0.5,"(6, 20)",1000.0,0.01,10.0
1,2,1298.12345235,896,20.8,40,5000,0.5,2.0,0.05,500,999999,150,0.4,30,999999,0.3,0.5,"(6, 20)",1000.0,0.01,10.0
1,3,1339.0991423333332,620,14.22,40,5000,0.5,2.0,0.05,500,999999,150,0.4,30,999999,0.3,0.5,"(6, 20)",1000.0,0.01,10.0
1,4,1216.3695502166665,1262,27.34,40,5000,0.5,2.0,0.05,500,999999,150,0.4,30,999999,0.3,0.5,"(6, 20)",1000.0,0.01,10.0
1,5,1296.0918933666667,809,17.62,40,5000,0.5,2.0,0.05,500,999999,150,0.4,30,999999,0.3,0.5,"(6, 20)",1000.0,0.01,10.0
1,6,1249.4746618,1163,24.84,40,5000,0.5,2.0,0.05,500,999999,150,0.4,30,999999,0.3,0.5,"(6, 20)",1000.0,0.01,10.0
1,7,1169.46713115,1369,30.09,40,5000,0.5,2.0,0.05,500,999999,150,0.4,30,999999,0.3,0.5,"(6, 20)",1000.0,0.01,10.0
1,8,1174.9434330499998,1957,41.63,40,5000,0.5,2.0,0.05,500,999999,150,0.4,30,999999,0.3,0.5,"(6, 20)",1000.0,0.01,10.0
1,9,1309.908190983333,1212,25.02,40,5000,0.5,2.0,0.05,500,999999,150,0.4,30,999999,0.3,0.5,"(6, 20)",1000.0,0.01,10.0
1,10,1200.5425568666667,1950,42.03,40,5000,0.5,2.0,0.05,500,999999,150,0.4,30,999999,0.3,0.5,"(6, 20)",1000.0,0.01,10.0
2,1,1294.3669067666667,880,18.63,40,5000,0.5,2.0,0.05,500,999999,150,0.4,30,999999,0.6,0.5,"(6, 20)",1000.0,0.01,10.0
2,2,1360.69761715,763,17.16,40,5000,0.5,2.0,0.05,500,999999,150,0.4,30,999999,0.6,0.5,"(6, 20)",1000.0,0.01,10.0
2,3,1359.1732641,1366,30.1,40,5000,0.5,2.0,0.05,500,999999,150,0.4,30,999999,0.6,0.5,"(6, 20)",1000.0,0.01,10.0
2,4,1369.4197145666667,929,19.54,40,5000,0.5,2.0,0.05,500,999999,150,0.4,30,999999,0.6,0.5,"(6, 20)",1000.0,0.01,10.0
2,5,1350.2226863833334,1080,22.85,40,5000,0.5,2.0,0.05,500,999999,150,0.4,30,999999,0.6,0.5,"(6, 20)",1000.0,0.01,10.0
2,6,1337.4143213833333,772,16.71,40,5000,0.5,2.0,0.05,500,999999,150,0.4,30,999999,0.6,0.5,"(6, 20)",1000.0,0.01,10.0
2,7,1325.0809183499998,634,13.94,40,5000,0.5,2.0,0.05,500,999999,150,0.4,30,999999,0.6,0.5,"(6, 20)",1000.0,0.01,10.0
2,8,1317.834756083333,983,22.05,40,5000,0.5,2.0,0.05,500,999999,150,0.4,30,999999,0.6,0.5,"(6, 20)",1000.0,0.01,10.0
2,9,1378.8133676833334,718,15.73,40,5000,0.5,2.0,0.05,500,999999,150,0.4,30,999999,0.6,0.5,"(6, 20)",1000.0,0.01,10.0
2,10,1346.8906709,1229,26.06,40,5000,0.5,2.0,0.05,500,999999,150,0.4,30,999999,0.6,0.5,"(6, 20)",1000.0,0.01,10.0
3,1,1339.0943010166668,1344,27.95,40,5000,0.5,2.0,0.05,500,999999,300,0.4,60,999999,0.3,0.5,"(6, 20)",1000.0,0.01,10.0
3,2,1258.8830959499999,1571,33.06,40,5000,0.5,2.0,0.05,500,999999,300,0.4,60,999999,0.3,0.5,"(6, 20)",1000.0,0.01,10.0
3,3,1277.4922887,1602,33.99,40,5000,0.5,2.0,0.05,500,999999,300,0.4,60,999999,0.3,0.5,"(6, 20)",1000.0,0.01,10.0
3,4,1253.1112265833333,1889,39.98,40,5000,0.5,2.0,0.05,500,999999,300,0.4,60,999999,0.3,0.5,"(6, 20)",1000.0,0.01,10.0
3,5,1207.9815430833335,1858,38.73,40,5000,0.5,2.0,0.05,500,999999,300,0.4,60,999999,0.3,0.5,"(6, 20)",1000.0,0.01,10.0
3,6,1188.6096751166667,1090,22.87,40,5000,0.5,2.0,0.05,500,999999,300,0.4,60,999999,0.3,0.5,"(6, 20)",1000.0,0.01,10.0
3,7,1267.5238939666667,1146,23.71,40,5000,0.5,2.0,0.05,500,999999,300,0.4,60,999999,0.3,0.5,"(6, 20)",1000.0,0.01,10.0
3,8,1221.2690082166666,1539,31.93,40,5000,0.5,2.0,0.05,500,999999,300,0.4,60,999999,0.3,0.5,"(6, 20)",1000.0,0.01,10.0
3,9,1360.0823853666666,1065,22.02,40,5000,0.5,2.0,0.05,500,999999,300,0.4,60,999999,0.3,0.5,"(6, 20)",1000.0,0.01,10.0
3,10,1281.5295846333333,1087,22.37,40,5000,0.5,2.0,0.05,500,999999,300,0.4,60,999999,0.3,0.5,"(6, 20)",1000.0,0.01,10.0
4,1,1268.3328358833335,1181,24.68,40,5000,0.5,2.0,0.05,500,999999,300,0.4,60,999999,0.6,0.5,"(6, 20)",1000.0,0.01,10.0
4,2,1356.1499227000002,1138,23.52,40,5000,0.5,2.0,0.05,500,999999,300,0.4,60,999999,0.6,0.5,"(6, 20)",1000.0,0.01,10.0
4,3,1297.7175501666668,1283,26.76,40,5000,0.5,2.0,0.05,500,999999,300,0.4,60,999999,0.6,0.5,"(6, 20)",1000.0,0.01,10.0
4,4,1381.3792875333334,875,18.54,40,5000,0.5,2.0,0.05,500,999999,300,0.4,60,999999,0.6,0.5,"(6, 20)",1000.0,0.01,10.0
4,5,1355.7153026666667,1652,34.3,40,5000,0.5,2.0,0.05,500,999999,300,0.4,60,999999,0.6,0.5,"(6, 20)",1000.0,0.01,10.0
4,6,1276.7487867833333,1368,30.21,40,5000,0.5,2.0,0.05,500,999999,300,0.4,60,999999,0.6,0.5,"(6, 20)",1000.0,0.01,10.0
4,7,1253.4456925999998,1269,28.55,40,5000,0.5,2.0,0.05,500,999999,300,0.4,60,999999,0.6,0.5,"(6, 20)",1000.0,0.01,10.0
4,8,1308.1978317166665,664,15.04,40,5000,0.5,2.0,0.05,500,999999,300,0.4,60,999999,0.6,0.5,"(6, 20)",1000.0,0.01,10.0
4,9,1292.9132750333333,778,17.74,40,5000,0.5,2.0,0.05,500,999999,300,0.4,60,999999,0.6,0.5,"(6, 20)",1000.0,0.01,10.0
4,10,1228.2684361666666,1472,33.23,40,5000,0.5,2.0,0.05,500,999999,300,0.4,60,999999,0.6,0.5,"(6, 20)",1000.0,0.01,10.0
5,1,1218.1125221666666,1679,38.14,40,5000,0.5,2.0,0.05,500,999999,450,0.4,90,999999,0.3,0.5,"(6, 20)",1000.0,0.01,10.0
5,2,1240.0610335166664,1607,36.71,40,5000,0.5,2.0,0.05,500,999999,450,0.4,90,999999,0.3,0.5,"(6, 20)",1000.0,0.01,10.0
5,3,1325.5272173166666,1406,30.43,40,5000,0.5,2.0,0.05,500,999999,450,0.4,90,999999,0.3,0.5,"(6, 20)",1000.0,0.01,10.0
5,4,1205.7766545000002,1712,37.26,40,5000,0.5,2.0,0.05,500,999999,450,0.4,90,999999,0.3,0.5,"(6, 20)",1000.0,0.01,10.0
5,5,1132.30359355,2462,52.39,40,5000,0.5,2.0,0.05,500,999999,450,0.4,90,999999,0.3,0.5,"(6, 20)",1000.0,0.01,10.0
5,6,1368.9475342666667,793,16.83,40,5000,0.5,2.0,0.05,500,999999,450,0.4,90,999999,0.3,0.5,"(6, 20)",1000.0,0.01,10.0
5,7,1145.0514859999998,2108,44.28,40,5000,0.5,2.0,0.05,500,999999,450,0.4,90,999999,0.3,0.5,"(6, 20)",1000.0,0.01,10.0
5,8,1263.2720511666666,2254,47.29,40,5000,0.5,2.0,0.05,500,999999,450,0.4,90,999999,0.3,0.5,"(6, 20)",1000.0,0.01,10.0
5,9,1262.45191535,1332,28.58,40,5000,0.5,2.0,0.05,500,999999,450,0.4,90,999999,0.3,0.5,"(6, 20)",1000.0,0.01,10.0
5,10,1224.1007442833331,2127,44.33,40,5000,0.5,2.0,0.05,500,999999,450,0.4,90,999999,0.3,0.5,"(6, 20)",1000.0,0.01,10.0
6,1,1300.2205841666666,1189,24.83,40,5000,0.5,2.0,0.05,500,999999,450,0.4,90,999999,0.6,0.5,"(6, 20)",1000.0,0.01,10.0
6,2,1306.3646498666667,735,15.27,40,5000,0.5,2.0,0.05,500,999999,450,0.4,90,999999,0.6,0.5,"(6, 20)",1000.0,0.01,10.0
6,3,1393.2407360333334,635,13.44,40,5000,0.5,2.0,0.05,500,999999,450,0.4,90,999999,0.6,0.5,"(6, 20)",1000.0,0.01,10.0
6,4,1249.2753340499999,1713,36.1,40,5000,0.5,2.0,0.05,500,999999,450,0.4,90,999999,0.6,0.5,"(6, 20)",1000.0,0.01,10.0
6,5,1349.4683736666666,761,15.82,40,5000,0.5,2.0,0.05,500,999999,450,0.4,90,999999,0.6,0.5,"(6, 20)",1000.0,0.01,10.0
6,6,1228.6024507166667,1661,34.79,40,5000,0.5,2.0,0.05,500,999999,450,0.4,90,999999,0.6,0.5,"(6, 20)",1000.0,0.01,10.0
6,7,1267.4629692666667,2038,42.46,40,5000,0.5,2.0,0.05,500,999999,450,0.4,90,999999,0.6,0.5,"(6, 20)",1000.0,0.01,10.0
6,8,1270.0117013000001,1979,41.32,40,5000,0.5,2.0,0.05,500,999999,450,0.4,90,999999,0.6,0.5,"(6, 20)",1000.0,0.01,10.0
6,9,1356.6559195,1185,24.65,40,5000,0.5,2.0,0.05,500,999999,450,0.4,90,999999,0.6,0.5,"(6, 20)",1000.0,0.01,10.0
6,10,1184.4380079,1930,39.95,40,5000,0.5,2.0,0.05,500,999999,450,0.4,90,999999,0.6,0.5,"(6, 20)",1000.0,0.01,10.0
7,1,1434.9786334666667,613,12.66,40,5000,0.5,2.0,0.05,500,999999,999999,0.4,0,999999,0.3,0.5,"(6, 20)",1000.0,0.01,10.0
7,2,1378.2967939166667,1158,23.99,40,5000,0.5,2.0,0.05,500,999999,999999,0.4,0,999999,0.3,0.5,"(6, 20)",1000.0,0.01,10.0
7,3,1296.4591155666667,874,18.1,40,5000,0.5,2.0,0.05,500,999999,999999,0.4,0,999999,0.3,0.5,"(6, 20)",1000.0,0.01,10.0
7,4,1335.1444263,1118,22.94,40,5000,0.5,2.0,0.05,500,999999,999999,0.4,0,999999,0.3,0.5,"(6, 20)",1000.0,0.01,10.0
7,5,1359.1472814666665,1115,23.31,40,5000,0.5,2.0,0.05,500,999999,999999,0.4,0,999999,0.3,0.5,"(6, 20)",1000.0,0.01,10.0
7,6,1390.7656450666666,674,14.07,40,5000,0.5,2.0,0.05,500,999999,999999,0.4,0,999999,0.3,0.5,"(6, 20)",1000.0,0.01,10.0
7,7,1366.3890490999997,1143,23.64,40,5000,0.5,2.0,0.05,500,999999,999999,0.4,0,999999,0.3,0.5,"(6, 20)",1000.0,0.01,10.0
7,8,1365.4381611166666,854,17.78,40,5000,0.5,2.0,0.05,500,999999,999999,0.4,0,999999,0.3,0.5,"(6, 20)",1000.0,0.01,10.0
7,9,1399.3921301833332,1185,24.25,40,5000,0.5,2.0,0.05,500,999999,999999,0.4,0,999999,0.3,0.5,"(6, 20)",1000.0,0.01,10.0
7,10,1382.2688477666666,1006,20.91,40,5000,0.5,2.0,0.05,500,999999,999999,0.4,0,999999,0.3,0.5,"(6, 20)",1000.0,0.01,10.0
8,1,1188.5872846999998,2173,45.43,40,5000,0.5,2.0,0.05,800,999999,150,0.4,30,999999,0.3,0.5,"(6, 20)",1000.0,0.01,10.0
8,2,1215.4341596333331,2271,47.23,40,5000,0.5,2.0,0.05,800,999999,150,0.4,30,999999,0.3,0.5,"(6, 20)",1000.0,0.01,10.0
8,3,1289.1926530833332,1017,21.11,40,5000,0.5,2.0,0.05,800,999999,150,0.4,30,999999,0.3,0.5,"(6, 20)",1000.0,0.01,10.0
8,4,1173.300231,1633,33.97,40,5000,0.5,2.0,0.05,800,999999,150,0.4,30,999999,0.3,0.5,"(6, 20)",1000.0,0.01,10.0
8,5,1206.43643375,1732,36.3,40,5000,0.5,2.0,0.05,800,999999,150,0.4,30,999999,0.3,0.5,"(6, 20)",1000.0,0.01,10.0
8,6,1248.4958356166667,1081,22.57,40,5000,0.5,2.0,0.05,800,999999,150,0.4,30,999999,0.3,0.5,"(6, 20)",1000.0,0.01,10.0
8,7,1202.1477556833336,2878,59.89,40,5000,0.5,2.0,0.05,800,999999,150,0.4,30,999999,0.3,0.5,"(6, 20)",1000.0,0.01,10.0
8,8,1272.6027439,1287,26.76,40,5000,0.5,2.0,0.05,800,999999,150,0.4,30,999999,0.3,0.5,"(6, 20)",1000.0,0.01,10.0
8,9,1206.4972255166665,1243,26.03,40,5000,0.5,2.0,0.05,800,999999,150,0.4,30,999999,0.3,0.5,"(6, 20)",1000.0,0.01,10.0
8,10,1220.6701752166664,1466,30.42,40,5000,0.5,2.0,0.05,800,999999,150,0.4,30,999999,0.3,0.5,"(6, 20)",1000.0,0.01,10.0
9,1,1340.7456460833334,1169,24.38,40,5000,0.5,2.0,0.05,800,999999,150,0.4,30,999999,0.6,0.5,"(6, 20)",1000.0,0.01,10.0
9,2,1310.6229408166664,1965,40.72,40,5000,0.5,2.0,0.05,800,999999,150,0.4,30,999999,0.6,0.5,"(6, 20)",1000.0,0.01,10.0
9,3,1225.3077305333331,1860,38.55,40,5000,0.5,2.0,0.05,800,999999,150,0.4,30,999999,0.6,0.5,"(6, 20)",1000.0,0.01,10.0
9,4,1309.0833971,1150,23.97,40,5000,0.5,2.0,0.05,800,999999,150,0.4,30,999999,0.6,0.5,"(6, 20)",1000.0,0.01,10.0
9,5,1286.6975530666666,2455,51.28,40,5000,0.5,2.0,0.05,800,999999,150,0.4,30,999999,0.6,0.5,"(6, 20)",1000.0,0.01,10.0
9,6,1217.7334941666668,1242,26.2,40,5000,0.5,2.0,0.05,800,999999,150,0.4,30,999999,0.6,0.5,"(6, 20)",1000.0,0.01,10.0
9,7,1270.960125516667,1590,33.02,40,5000,0.5,2.0,0.05,800,999999,150,0.4,30,999999,0.6,0.5,"(6, 20)",1000.0,0.01,10.0
9,8,1269.5621182,1049,21.74,40,5000,0.5,2.0,0.05,800,999999,150,0.4,30,999999,0.6,0.5,"(6, 20)",1000.0,0.01,10.0
9,9,1228.8950844166668,1118,23.32,40,5000,0.5,2.0,0.05,800,999999,150,0.4,30,999999,0.6,0.5,"(6, 20)",1000.0,0.01,10.0
9,10,1268.12530975,1581,32.68,40,5000,0.5,2.0,0.05,800,999999,150,0.4,30,999999,0.6,0.5,"(6, 20)",1000.0,0.01,10.0
10,1,1265.80751025,1562,32.22,40,5000,0.5,2.0,0.05,800,999999,300,0.4,60,999999,0.3,0.5,"(6, 20)",1000.0,0.01,10.0
10,2,1180.5382292166667,2132,44.35,40,5000,0.5,2.0,0.05,800,999999,300,0.4,60,999999,0.3,0.5,"(6, 20)",1000.0,0.01,10.0
10,3,1233.4771427666667,3041,63.46,40,5000,0.5,2.0,0.05,800,999999,300,0.4,60,999999,0.3,0.5,"(6, 20)",1000.0,0.01,10.0
10,4,1264.9912897166666,1384,29.66,40,5000,0.5,2.0,0.05,800,999999,300,0.4,60,999999,0.3,0.5,"(6, 20)",1000.0,0.01,10.0
10,5,1167.1301369833334,1744,36.82,40,5000,0.5,2.0,0.05,800,999999,300,0.4,60,999999,0.3,0.5,"(6, 20)",1000.0,0.01,10.0
10,6,1099.9619167833332,4215,91.12,40,5000,0.5,2.0,0.05,800,999999,300,0.4,60,999999,0.3,0.5,"(6, 20)",1000.0,0.01,10.0
10,7,1257.5216542333333,1549,32.82,40,5000,0.5,2.0,0.05,800,999999,300,0.4,60,999999,0.3,0.5,"(6, 20)",1000.0,0.01,10.0
10,8,1186.2740970333332,3223,68.15,40,5000,0.5,2.0,0.05,800,999999,300,0.4,60,999999,0.3,0.5,"(6, 20)",1000.0,0.01,10.0
10,9,1261.7421094833335,1315,27.93,40,5000,0.5,2.0,0.05,800,999999,300,0.4,60,999999,0.3,0.5,"(6, 20)",1000.0,0.01,10.0
10,10,1199.1868943666666,1472,32.02,40,5000,0.5,2.0,0.05,800,999999,300,0.4,60,999999,0.3,0.5,"(6, 20)",1000.0,0.01,10.0
11,1,1254.5005594166664,2258,48.29,40,5000,0.5,2.0,0.05,800,999999,300,0.4,60,999999,0.6,0.5,"(6, 20)",1000.0,0.01,10.0
11,2,1150.6478070333333,2365,50.05,40,5000,0.5,2.0,0.05,800,999999,300,0.4,60,999999,0.6,0.5,"(6, 20)",1000.0,0.01,10.0
11,3,1265.5949515333334,1674,35.2,40,5000,0.5,2.0,0.05,800,999999,300,0.4,60,999999,0.6,0.5,"(6, 20)",1000.0,0.01,10.0
11,4,1300.4177184666667,1347,28.67,40,5000,0.5,2.0,0.05,800,999999,300,0.4,60,999999,0.6,0.5,"(6, 20)",1000.0,0.01,10.0
11,5,1237.8337574333334,2357,50.32,40,5000,0.5,2.0,0.05,800,999999,300,0.4,60,999999,0.6,0.5,"(6, 20)",1000.0,0.01,10.0
11,6,1351.8192555166665,1128,24.24,40,5000,0.5,2.0,0.05,800,999999,300,0.4,60,999999,0.6,0.5,"(6, 20)",1000.0,0.01,10.0
11,7,1293.0200509833332,1953,40.99,40,5000,0.5,2.0,0.05,800,999999,300,0.4,60,999999,0.6,0.5,"(6, 20)",1000.0,0.01,10.0
11,8,1236.6817822,1745,38.25,40,5000,0.5,2.0,0.05,800,999999,300,0.4,60,999999,0.6,0.5,"(6, 20)",1000.0,0.01,10.0
11,9,1268.8745989333333,1275,26.96,40,5000,0.5,2.0,0.05,800,999999,300,0.4,60,999999,0.6,0.5,"(6, 20)",1000.0,0.01,10.0
11,10,1281.9728288833332,1901,39.92,40,5000,0.5,2.0,0.05,800,999999,300,0.4,60,999999,0.6,0.5,"(6, 20)",1000.0,0.01,10.0
12,1,1228.46596505,1639,34.32,40,5000,0.5,2.0,0.05,800,999999,450,0.4,90,999999,0.3,0.5,"(6, 20)",1000.0,0.01,10.0
12,2,1174.4868516333333,1949,41.16,40,5000,0.5,2.0,0.05,800,999999,450,0.4,90,999999,0.3,0.5,"(6, 20)",1000.0,0.01,10.0
12,3,1213.89930545,2598,55.43,40,5000,0.5,2.0,0.05,800,999999,450,0.4,90,999999,0.3,0.5,"(6, 20)",1000.0,0.01,10.0
12,4,1293.2638497,1660,35.25,40,5000,0.5,2.0,0.05,800,999999,450,0.4,90,999999,0.3,0.5,"(6, 20)",1000.0,0.01,10.0
12,5,1227.4012488,1826,39.23,40,5000,0.5,2.0,0.05,800,999999,450,0.4,90,999999,0.3,0.5,"(6, 20)",1000.0,0.01,10.0
12,6,1239.9822053166665,1516,33.18,40,5000,0.5,2.0,0.05,800,999999,450,0.4,90,999999,0.3,0.5,"(6, 20)",1000.0,0.01,10.0
12,7,1223.3417697833333,1705,36.73,40,5000,0.5,2.0,0.05,800,999999,450,0.4,90,999999,0.3,0.5,"(6, 20)",1000.0,0.01,10.0
12,8,1342.5443342833335,1069,24.22,40,5000,0.5,2.0,0.05,800,999999,450,0.4,90,999999,0.3,0.5,"(6, 20)",1000.0,0.01,10.0
12,9,1154.1732410500001,1758,36.78,40,5000,0.5,2.0,0.05,800,999999,450,0.4,90,999999,0.3,0.5,"(6, 20)",1000.0,0.01,10.0
12,10,1245.5083703166667,3962,83.43,40,5000,0.5,2.0,0.05,800,999999,450,0.4,90,999999,0.3,0.5,"(6, 20)",1000.0,0.01,10.0
13,1,1235.4819596666666,1969,45.74,40,5000,0.5,2.0,0.05,800,999999,450,0.4,90,999999,0.6,0.5,"(6, 20)",1000.0,0.01,10.0
13,2,1290.6226681500002,2113,46.82,40,5000,0.5,2.0,0.05,800,999999,450,0.4,90,999999,0.6,0.5,"(6, 20)",1000.0,0.01,10.0
13,3,1205.3589378833335,1593,34.21,40,5000,0.5,2.0,0.05,800,999999,450,0.4,90,999999,0.6,0.5,"(6, 20)",1000.0,0.01,10.0
13,4,1308.5936506333335,2333,51.32,40,5000,0.5,2.0,0.05,800,999999,450,0.4,90,999999,0.6,0.5,"(6, 20)",1000.0,0.01,10.0
13,5,1335.2956548,2137,46.11,40,5000,0.5,2.0,0.05,800,999999,450,0.4,90,999999,0.6,0.5,"(6, 20)",1000.0,0.01,10.0
13,6,1269.2794925,1773,37.44,40,5000,0.5,2.0,0.05,800,999999,450,0.4,90,999999,0.6,0.5,"(6, 20)",1000.0,0.01,10.0
13,7,1263.1489987999998,1499,31.97,40,5000,0.5,2.0,0.05,800,999999,450,0.4,90,999999,0.6,0.5,"(6, 20)",1000.0,0.01,10.0
13,8,1218.65405505,2083,44.69,40,5000,0.5,2.0,0.05,800,999999,450,0.4,90,999999,0.6,0.5,"(6, 20)",1000.0,0.01,10.0
13,9,1349.2805298333333,1656,35.14,40,5000,0.5,2.0,0.05,800,999999,450,0.4,90,999999,0.6,0.5,"(6, 20)",1000.0,0.01,10.0
13,10,1178.5110622833336,2104,45.15,40,5000,0.5,2.0,0.05,800,999999,450,0.4,90,999999,0.6,0.5,"(6, 20)",1000.0,0.01,10.0
14,1,1315.4862377,1661,35.14,40,5000,0.5,2.0,0.05,800,999999,999999,0.4,0,999999,0.3,0.5,"(6, 20)",1000.0,0.01,10.0
14,2,1345.4368651500001,1292,27.87,40,5000,0.5,2.0,0.05,800,999999,999999,0.4,0,999999,0.3,0.5,"(6, 20)",1000.0,0.01,10.0
14,3,1324.1456389666666,1502,31.84,40,5000,0.5,2.0,0.05,800,999999,999999,0.4,0,999999,0.3,0.5,"(6, 20)",1000.0,0.01,10.0
14,4,1313.7102539666666,1931,40.92,40,5000,0.5,2.0,0.05,800,999999,999999,0.4,0,999999,0.3,0.5,"(6, 20)",1000.0,0.01,10.0
14,5,1369.575492,1864,39.52,40,5000,0.5,2.0,0.05,800,999999,999999,0.4,0,999999,0.3,0.5,"(6, 20)",1000.0,0.01,10.0
14,6,1386.8173166166666,866,18.73,40,5000,0.5,2.0,0.05,800,999999,999999,0.4,0,999999,0.3,0.5,"(6, 20)",1000.0,0.01,10.0
14,7,1352.8366383833336,1391,29.58,40,5000,0.5,2.0,0.05,800,999999,999999,0.4,0,999999,0.3,0.5,"(6, 20)",1000.0,0.01,10.0
14,8,1349.80452955,1158,24.56,40,5000,0.5,2.0,0.05,800,999999,999999,0.4,0,999999,0.3,0.5,"(6, 20)",1000.0,0.01,10.0
14,9,1400.7069140166666,1372,29.68,40,5000,0.5,2.0,0.05,800,999999,999999,0.4,0,999999,0.3,0.5,"(6, 20)",1000.0,0.01,10.0
14,10,1354.4364053166667,1036,21.93,40,5000,0.5,2.0,0.05,800,999999,999999,0.4,0,999999,0.3,0.5,"(6, 20)",1000.0,0.01,10.0
15,1,1245.6566442500002,1523,32.47,40,5000,0.5,2.0,0.05,1200,999999,150,0.4,30,999999,0.3,0.5,"(6, 20)",1000.0,0.01,10.0
15,2,1328.3195290166666,1455,30.87,40,5000,0.5,2.0,0.05,1200,999999,150,0.4,30,999999,0.3,0.5,"(6, 20)",1000.0,0.01,10.0
15,3,1180.6479708666666,2279,48.75,40,5000,0.5,2.0,0.05,1200,999999,150,0.4,30,999999,0.3,0.5,"(6, 20)",1000.0,0.01,10.0
15,4,1146.0303979166667,2708,61.54,40,5000,0.5,2.0,0.05,1200,999999,150,0.4,30,999999,0.3,0.5,"(6, 20)",1000.0,0.01,10.0
15,5,1179.559858,2831,64.2,40,5000,0.5,2.0,0.05,1200,999999,150,0.4,30,999999,0.3,0.5,"(6, 20)",1000.0,0.01,10.0
15,6,1107.00940875,1714,35.78,40,5000,0.5,2.0,0.05,1200,999999,150,0.4,30,999999,0.3,0.5,"(6, 20)",1000.0,0.01,10.0
15,7,1166.6429360166665,2746,57.8,40,5000,0.5,2.0,0.05,1200,999999,150,0.4,30,999999,0.3,0.5,"(6, 20)",1000.0,0.01,10.0
15,8,1207.5933827666668,3589,74.56,40,5000,0.5,2.0,0.05,1200,999999,150,0.4,30,999999,0.3,0.5,"(6, 20)",1000.0,0.01,10.0
15,9,1215.8258847166667,1788,37.06,40,5000,0.5,2.0,0.05,1200,999999,150,0.4,30,999999,0.3,0.5,"(6, 20)",1000.0,0.01,10.0
15,10,1238.9342315166666,1492,31.04,40,5000,0.5,2.0,0.05,1200,999999,150,0.4,30,999999,0.3,0.5,"(6, 20)",1000.0,0.01,10.0
16,1,1244.3001071333333,2349,48.88,40,5000,0.5,2.0,0.05,1200,999999,150,0.4,30,999999,0.6,0.5,"(6, 20)",1000.0,0.01,10.0
16,2,1258.4312738666667,2457,51.48,40,5000,0.5,2.0,0.05,1200,999999,150,0.4,30,999999,0.6,0.5,"(6, 20)",1000.0,0.01,10.0
16,3,1205.8759536166665,2388,49.43,40,5000,0.5,2.0,0.05,1200,999999,150,0.4,30,999999,0.6,0.5,"(6, 20)",1000.0,0.01,10.0
16,4,1351.8656455999999,1684,34.46,40,5000,0.5,2.0,0.05,1200,999999,150,0.4,30,999999,0.6,0.5,"(6, 20)",1000.0,0.01,10.0
16,5,1243.0140981333332,2900,60.26,40,5000,0.5,2.0,0.05,1200,999999,150,0.4,30,999999,0.6,0.5,"(6, 20)",1000.0,0.01,10.0
16,6,1269.5183156833332,2470,51.28,40,5000,0.5,2.0,0.05,1200,999999,150,0.4,30,999999,0.6,0.5,"(6, 20)",1000.0,0.01,10.0
16,7,1244.1420391333334,3673,75.69,40,5000,0.5,2.0,0.05,1200,999999,150,0.4,30,999999,0.6,0.5,"(6, 20)",1000.0,0.01,10.0
16,8,1292.040492866667,1702,35.48,40,5000,0.5,2.0,0.05,1200,999999,150,0.4,30,999999,0.6,0.5,"(6, 20)",1000.0,0.01,10.0
16,9,1322.3958037166667,2264,46.42,40,5000,0.5,2.0,0.05,1200,999999,150,0.4,30,999999,0.6,0.5,"(6, 20)",1000.0,0.01,10.0
16,10,1279.2483175666669,1858,38.59,40,5000,0.5,2.0,0.05,1200,999999,150,0.4,30,999999,0.6,0.5,"(6, 20)",1000.0,0.01,10.0
17,1,1198.1893834166665,3361,69.04,40,5000,0.5,2.0,0.05,1200,999999,300,0.4,60,999999,0.3,0.5,"(6, 20)",1000.0,0.01,10.0
17,2,1210.7261079333334,2345,48.19,40,5000,0.5,2.0,0.05,1200,999999,300,0.4,60,999999,0.3,0.5,"(6, 20)",1000.0,0.01,10.0
17,3,1246.1640766833334,1824,37.24,40,5000,0.5,2.0,0.05,1200,999999,300,0.4,60,999999,0.3,0.5,"(6, 20)",1000.0,0.01,10.0
17,4,1215.0336263833333,2656,55.18,40,5000,0.5,2.0,0.05,1200,999999,300,0.4,60,999999,0.3,0.5,"(6, 20)",1000.0,0.01,10.0
17,5,1234.6480008833335,2236,46.28,40,5000,0.5,2.0,0.05,1200,999999,300,0.4,60,999999,0.3,0.5,"(6, 20)",1000.0,0.01,10.0
17,6,1227.0420202833334,1769,36.41,40,5000,0.5,2.0,0.05,1200,999999,300,0.4,60,999999,0.3,0.5,"(6, 20)",1000.0,0.01,10.0
17,7,1190.36738485,2570,52.98,40,5000,0.5,2.0,0.05,1200,999999,300,0.4,60,999999,0.3,0.5,"(6, 20)",1000.0,0.01,10.0
17,8,1205.01679795,1961,40.2,40,5000,0.5,2.0,0.05,1200,999999,300,0.4,60,999999,0.3,0.5,"(6, 20)",1000.0,0.01,10.0
17,9,1217.4082019333334,1736,35.72,40,5000,0.5,2.0,0.05,1200,999999,300,0.4,60,999999,0.3,0.5,"(6, 20)",1000.0,0.01,10.0
17,10,1184.6051690166667,3722,76.43,40,5000,0.5,2.0,0.05,1200,999999,300,0.4,60,999999,0.3,0.5,"(6, 20)",1000.0,0.01,10.0
18,1,1327.4499039,1471,30.27,40,5000,0.5,2.0,0.05,1200,999999,300,0.4,60,999999,0.6,0.5,"(6, 20)",1000.0,0.01,10.0
18,2,1275.6260554666667,2797,57.6,40,5000,0.5,2.0,0.05,1200,999999,300,0.4,60,999999,0.6,0.5,"(6, 20)",1000.0,0.01,10.0
18,3,1226.4221296833334,3585,75.02,40,5000,0.5,2.0,0.05,1200,999999,300,0.4,60,999999,0.6,0.5,"(6, 20)",1000.0,0.01,10.0
18,4,1321.4222760166665,2704,56.94,40,5000,0.5,2.0,0.05,1200,999999,300,0.4,60,999999,0.6,0.5,"(6, 20)",1000.0,0.01,10.0
18,5,1239.2205156666669,1732,35.75,40,5000,0.5,2.0,0.05,1200,999999,300,0.4,60,999999,0.6,0.5,"(6, 20)",1000.0,0.01,10.0
18,6,1186.4317129666665,2681,56.66,40,5000,0.5,2.0,0.05,1200,999999,300,0.4,60,999999,0.6,0.5,"(6, 20)",1000.0,0.01,10.0
18,7,1168.5365289666665,2649,69.63,40,5000,0.5,2.0,0.05,1200,999999,300,0.4,60,999999,0.6,0.5,"(6, 20)",1000.0,0.01,10.0
18,8,1188.6166276000001,1850,42.53,40,5000,0.5,2.0,0.05,1200,999999,300,0.4,60,999999,0.6,0.5,"(6, 20)",1000.0,0.01,10.0
18,9,1172.2807928,2883,64.55,40,5000,0.5,2.0,0.05,1200,999999,300,0.4,60,999999,0.6,0.5,"(6, 20)",1000.0,0.01,10.0
18,10,1142.050151,3188,71.75,40,5000,0.5,2.0,0.05,1200,999999,300,0.4,60,999999,0.6,0.5,"(6, 20)",1000.0,0.01,10.0
19,1,1223.8187531166666,3113,65.68,40,5000,0.5,2.0,0.05,1200,999999,450,0.4,90,999999,0.3,0.5,"(6, 20)",1000.0,0.01,10.0
19,2,1194.4157212333334,3239,67.83,40,5000,0.5,2.0,0.05,1200,999999,450,0.4,90,999999,0.3,0.5,"(6, 20)",1000.0,0.01,10.0
19,3,1188.8205823333333,1924,39.83,40,5000,0.5,2.0,0.05,1200,999999,450,0.4,90,999999,0.3,0.5,"(6, 20)",1000.0,0.01,10.0
19,4,1208.4157309166667,2807,58.54,40,5000,0.5,2.0,0.05,1200,999999,450,0.4,90,999999,0.3,0.5,"(6, 20)",1000.0,0.01,10.0
19,5,1188.8464511,2800,58.31,40,5000,0.5,2.0,0.05,1200,999999,450,0.4,90,999999,0.3,0.5,"(6, 20)",1000.0,0.01,10.0
19,6,1094.5199288833333,3130,65.02,40,5000,0.5,2.0,0.05,1200,999999,450,0.4,90,999999,0.3,0.5,"(6, 20)",1000.0,0.01,10.0
19,7,1198.9074859666664,3761,78.35,40,5000,0.5,2.0,0.05,1200,999999,450,0.4,90,999999,0.3,0.5,"(6, 20)",1000.0,0.01,10.0
19,8,1138.92900465,3857,80.35,40,5000,0.5,2.0,0.05,1200,999999,450,0.4,90,999999,0.3,0.5,"(6, 20)",1000.0,0.01,10.0
19,9,1141.9143729333334,2955,61.04,40,5000,0.5,2.0,0.05,1200,999999,450,0.4,90,999999,0.3,0.5,"(6, 20)",1000.0,0.01,10.0
19,10,1199.4243710166666,2707,55.89,40,5000,0.5,2.0,0.05,1200,999999,450,0.4,90,999999,0.3,0.5,"(6, 20)",1000.0,0.01,10.0
20,1,1150.6149788166665,0,103.4,40,5000,0.5,2.0,0.05,1200,999999,450,0.4,90,999999,0.6,0.5,"(6, 20)",1000.0,0.01,10.0
20,2,1203.1683737166666,2894,59.72,40,5000,0.5,2.0,0.05,1200,999999,450,0.4,90,999999,0.6,0.5,"(6, 20)",1000.0,0.01,10.0
20,3,1229.9334208,2055,42.31,40,5000,0.5,2.0,0.05,1200,999999,450,0.4,90,999999,0.6,0.5,"(6, 20)",1000.0,0.01,10.0
20,4,1331.5219304333332,1854,38.32,40,5000,0.5,2.0,0.05,1200,999999,450,0.4,90,999999,0.6,0.5,"(6, 20)",1000.0,0.01,10.0
20,5,1202.6075107,4112,85.02,40,5000,0.5,2.0,0.05,1200,999999,450,0.4,90,999999,0.6,0.5,"(6, 20)",1000.0,0.01,10.0
20,6,1160.3206581833333,3797,78.72,40,5000,0.5,2.0,0.05,1200,999999,450,0.4,90,999999,0.6,0.5,"(6, 20)",1000.0,0.01,10.0
20,7,1301.5086574166667,1920,39.6,40,5000,0.5,2.0,0.05,1200,999999,450,0.4,90,999999,0.6,0.5,"(6, 20)",1000.0,0.01,10.0
20,8,1181.5749509333332,3453,71.4,40,5000,0.5,2.0,0.05,1200,999999,450,0.4,90,999999,0.6,0.5,"(6, 20)",1000.0,0.01,10.0
20,9,1206.2167741666667,3637,75.14,40,5000,0.5,2.0,0.05,1200,999999,450,0.4,90,999999,0.6,0.5,"(6, 20)",1000.0,0.01,10.0
20,10,1263.9975330333332,2724,55.94,40,5000,0.5,2.0,0.05,1200,999999,450,0.4,90,999999,0.6,0.5,"(6, 20)",1000.0,0.01,10.0
21,1,1282.55925185,1514,31.29,40,5000,0.5,2.0,0.05,1200,999999,999999,0.4,0,999999,0.3,0.5,"(6, 20)",1000.0,0.01,10.0
21,2,1299.0728006333334,4464,91.79,40,5000,0.5,2.0,0.05,1200,999999,999999,0.4,0,999999,0.3,0.5,"(6, 20)",1000.0,0.01,10.0
21,3,1335.8623148666668,2088,42.88,40,5000,0.5,2.0,0.05,1200,999999,999999,0.4,0,999999,0.3,0.5,"(6, 20)",1000.0,0.01,10.0
21,4,1355.177070683333,1480,30.44,40,5000,0.5,2.0,0.05,1200,999999,999999,0.4,0,999999,0.3,0.5,"(6, 20)",1000.0,0.01,10.0
21,5,1322.2766492999997,3897,80.83,40,5000,0.5,2.0,0.05,1200,999999,999999,0.4,0,999999,0.3,0.5,"(6, 20)",1000.0,0.01,10.0
